"Slug","Protocol Authors","Study Title","Study PI","Protocol Contact","Protocol Title [StudyAcronym_DatePublishedtoPG]","Cite Publication","Cite Publication (HTML)","Publication URL","Grant Number","Clinical Trials Registration","Field(s)","Population","Edge Generation Methodology","Uses Rosters","Qualitative Summary","Descriptive Sentence","Protocol File (original)","Codebook Summary (original)","Protocol File (asset)","Codebook Summary (asset)","Fresco","Featured","Protocol File (asset) Wave 2","Codebook Summary (asset) Wave 2","Protocol File (asset) Wave 3","Codebook Summary (asset) Wave 3","Date Added","Supplementary Material Label","Supplementary Material (asset)","Waves","Schema Version Wave 1","Schema Version Wave 2","Schema Version Wave 3","Stage Count Wave 1","Stage Count Wave 2","Stage Count Wave 3","Edge Stages Wave 1","Edge Stages Wave 2","Edge Stages Wave 3","Stages Wave 1","Stages Wave 2","Stages Wave 3"
"uk-jcoin-i","Tillson M, Annett J, Staton M, Schneider J, Oser C","""Social Support Networks and Outcomes: A Longitudinal Study of Justice-Involved Populations with Substance Use Disorder"", a project of the NIDA-funded Justice Community Opioid Innovation Network (JCOIN)","University of Kentucky JCOIN-I (Parent Grant) PI: Michele Staton; Social Network Sub-study PIs: Carrie Oser, John Schneider","Martha Tillson, martha.tillson@uky.edu","UK-JCOIN-I_","Tillson, M., Annett, J., Staton, M., Schneider, J. A., & Oser, C. B. (2024). Social support networks of incarcerated women with opioid use disorder: Differences associated with jail-based substance use treatment. Journal of Substance Use and Addiction Treatment, 165, 209457. https://doi.org/10.1016/j.josat.2024.209457","Tillson, M., Annett, J., Staton, M., Schneider, J. A., & Oser, C. B. (2024). Social support networks of incarcerated women with opioid use disorder: Differences associated with jail-based substance use treatment. <em>Journal of Substance Use and Addiction Treatment</em>, 165, 209457. <a>https://doi.org/10.1016/j.josat.2024.209457</a>","https://doi.org/10.1016/j.josat.2024.209457","UG1DA050069","NCT04069624 (Note: Network data added as substudy after clinical trial started and not part of intervention)","Sociology, Substance use, Public health","Incarcerated women","sociogram","no","This protocol was developed for a multi-site study that used an egocentric social network inventory with 445 incarcerated women with opioid use disorder in eight Kentucky jails. It provides an example of measuring social network structure focused on social support and drug use.","An example of measuring social network structure focused on social support and drug use.","UK-JCOIN-I_10-10-2025","UK-JCOIN-I Codebook","UK-JCOIN-I_10-22-2025.netcanvas","UK-JCOIN-I_10-22-2025 Protocol Summary (Created 10-22-2025 11.52.48 am).pdf","https://fresco-sandbox.networkcanvas.com/onboard/cmltaqtk8000609jxgw4zlx84","no","","","","","Oct. 22,2025","","","1","7","","","26","","","Sociogram=1","","","[{""type"":""Information"",""label"":""Protocol Citation Information""},{""type"":""EgoForm"",""label"":""Linking Dataset Variables""},{""type"":""Information"",""label"":""Name Generator Instructions""},{""type"":""NameGenerator"",""label"":""Name Generator- Count on For Support""},{""type"":""NameGenerator"",""label"":""Name Generator - Discuss Substance Use""},{""type"":""AlterForm"",""label"":""Relationship Type - Other""},{""type"":""CategoricalBin"",""label"":""Gender""},{""type"":""OrdinalBin"",""label"":""Communication Frequency""},{""type"":""OrdinalBin"",""label"":""Closeness""},{""type"":""OrdinalBin"",""label"":""Increase Desire""},{""type"":""CategoricalBin"",""label"":""Incarceration""},{""type"":""CategoricalBin"",""label"":""Sex""},{""type"":""Information"",""label"":""Types of Support Instructions""},{""type"":""CategoricalBin"",""label"":""Types of Support""},{""type"":""Information"",""label"":""Support Related to Substance Use Instructions""},{""type"":""CategoricalBin"",""label"":""Support related to substance use""},{""type"":""Information"",""label"":""Drug Use Instructions""},{""type"":""CategoricalBin"",""label"":""Used Drugs""},{""type"":""AlterForm"",""label"":""Drug Use Follow-Up""},{""type"":""AlterForm"",""label"":""Substance use and treatment""},{""type"":""OrdinalBin"",""label"":""Discuss Substance Use Treatment""},{""type"":""CategoricalBin"",""label"":""Future""},{""type"":""Information"",""label"":""Sociogram Instructions""},{""type"":""Sociogram"",""label"":""Sociogram""},{""type"":""EgoForm"",""label"":""Usability Measures""},{""type"":""Information"",""label"":""End of Survey""}]","",""
"kaya","Manderson L, Brear M, Rusere F, Farrell M, Gómez-Olivé F, Berkman L, Kahn K, Harling G.","The complexity of informal caregiving for Alzheimer's disease and related dementias in rural South Africa (KAYA)","MPIs: Guy Harling, Lenore Manderson","Guy Harling, g.harling@ucl.ac.uk","KAYA_","Manderson, L., Brear, M., Rusere, F., Farrell, M., Gómez-Olivé, F. X., Berkman, L., Kahn, K., & Harling, G. (2022). Protocol: The complexity of informal caregiving for Alzheimer’s disease and related dementias in rural South Africa [version 1; peer review: awaiting peer review]. Wellcome Open Research, 7, 220. https://doi.org/10.12688/wellcomeopenres.18078.1","Manderson, L., Brear, M., Rusere, F., Farrell, M., Gómez-Olivé, F. X., Berkman, L., Kahn, K., & Harling, G. (2022). Protocol: The complexity of informal caregiving for Alzheimer’s disease and related dementias in rural South Africa [version 1; peer review: awaiting peer review]. <em>Wellcome Open Research</em>, 7, 220. <a>https://doi.org/10.12688/wellcomeopenres.18078.1</a>","https://doi.org/10.12688/wellcomeopenres.18078.1","R21 AG059145","n/a","Medicine, Public health, Anthropology","Caregivers of older adults living with cognitive decline","no edges captured","yes","This study explores how informal caregiving for people living with cognitive decline or dementia is negotiated, shared, and impacts health and well-being in rural, low-resource settings where formal supports are limited. This protocol provides an example of implementing side panels within successive name generators to dynamically display prior alters, streamlining data collection and reducing respondent burden.","An example of implementing side panels within successive name generators to dynamically display prior alters, streamlining data collection and reducing respondent burden.","KAYA_10-10-2025","KAYA Codebook","KAYA_10-22-2025.netcanvas","KAYA_10-22-2025 Protocol Summary (Created 10-22-2025 11.36.45 am).pdf","https://fresco-sandbox.networkcanvas.com/onboard/cmltaqrls000209l2irwvkf1w","no","","","","","Oct. 22,2025","","","1","7","","","16","","","","","","[{""type"":""Information"",""label"":""Protocol Citation Information""},{""type"":""NameGeneratorRoster"",""label"":""Household ID""},{""type"":""EgoForm"",""label"":""Respondent ID""},{""type"":""Information"",""label"":""Introduction""},{""type"":""NameGenerator"",""label"":""Name Generator""},{""type"":""AlterForm"",""label"":""Contact details""},{""type"":""AlterForm"",""label"":""Contact details part 2""},{""type"":""AlterForm"",""label"":""Alter location village specify""},{""type"":""AlterForm"",""label"":""Alter location specify other""},{""type"":""AlterForm"",""label"":""Alter relationship specify other""},{""type"":""Information"",""label"":""Support introduction""},{""type"":""OrdinalBin"",""label"":""Support flows - hidden""},{""type"":""CategoricalBin"",""label"":""Support flows - circles""},{""type"":""Information"",""label"":""Care flows introduction""},{""type"":""CategoricalBin"",""label"":""Care flows CR""},{""type"":""CategoricalBin"",""label"":""Care flows""}]","",""
"sixhumene","Nxumalo V, Nxumalo S, Smit T, Khoza T, Mdaba F, Khumalo T, Cislaghi B, McGrath N, Seeley J, Shahmanesh M, Harling G.","Mapping social networks, social influence and sexual health among youth in rural KwaZulu-Natal, the
Sixhumene cohort study (Wave 1)","PI: Guy Harling","Guy Harling, g.harling@ucl.ac.uk","SIXHUMENE_","Nxumalo, V., Nxumalo, S., Smit, T., Khoza, T., Mdaba, F., Khumalo, T., Cislaghi, B., McGrath, N., Seeley, J., Shahmanesh, M., & Harling, G. (2022). Protocol: Mapping social networks, social influence and sexual health among youth in rural KwaZulu-Natal, the Sixhumene cohort study [version 1; peer review: 2 approved]. Wellcome Open Research, 7, 164. https://doi.org/10.12688/wellcomeopenres.17896.1","Nxumalo, V., Nxumalo, S., Smit, T., Khoza, T., Mdaba, F., Khumalo, T., Cislaghi, B., McGrath, N., Seeley, J., Shahmanesh, M., & Harling, G. (2022). Protocol: Mapping social networks, social influence and sexual health among youth in rural KwaZulu-Natal, the Sixhumene cohort study [version 1; peer review: 2 approved]. <em>Wellcome Open Research</em>, 7, 164. <a>https://doi.org/10.12688/wellcomeopenres.17896.1</a>","https://doi.org/10.12688/wellcomeopenres.17896.1","210479/Z/18/Z","n/a","Public health, Sociology","Young adults and their social contacts","sociogram, tie-strength dyad census","yes","The study maps the social networks, social influence, and sexual health of youth in rural and small-town KwaZulu-Natal, South Africa. This is a longitudinal study with three waves of data collection that examines how relationships, roles, and behaviors change over time. In addition to offering an example of longitudinal implementation within Network Canvas, this baseline protocol also utilizes a lookup roster (note: the public version of this protocol includes dummy data only). Protocols for waves 2 and 3 include minimal differences and are also provided.","An example of longitudinal data capture within Network Canvas and the utilization of a lookup roster for a whole network study. Protocols for all three waves are included.","SIXHUMENE-Wave1_10-10-2025, SIXHUMENE-Wave2_10-10-2025, SIXHUMENE-Wave3_10-10-2025","SIXHUMENE Wave 1 Cookbook, SIXHUMENE Wave 2 Cookbook, SIXHUMENE Wave 3 Cookbook","SIXHUMENE-Wave1_10-22-2025.netcanvas","SIXHUMENE-Wave1_10-22-2025 Protocol Summary (Created 10-22-2025 11.46.31 am).pdf","https://fresco-sandbox.networkcanvas.com/onboard/cmltaqg9a000409jxsc4mia7e","no","SIXHUMENE-Wave2_10-22-2025.netcanvas","SIXHUMENE-Wave2_10-22-2025 Protocol Summary (Created 10-22-2025 11.47.59 am).pdf","SIXHUMENE-Wave3_10-22-2025.netcanvas","SIXHUMENE-Wave3_10-22-2025 Protocol Summary (Created 10-22-2025 11.50.44 am).pdf","Oct. 22,2025","","","3","7","7","7","32","28","20","Sociogram=1","Sociogram=1","Sociogram=1","[{""type"":""Information"",""label"":""Protocol Citation Information""},{""type"":""EgoForm"",""label"":""Fieldworker ID""},{""type"":""EgoForm"",""label"":""Study ID""},{""type"":""EgoForm"",""label"":""Referee check""},{""type"":""NameGeneratorRoster"",""label"":""DSID lookup""},{""type"":""EgoForm"",""label"":""Manual identity check""},{""type"":""Information"",""label"":""Intro to SN module""},{""type"":""NameGeneratorQuickAdd"",""label"":""Non-roster name generator""},{""type"":""AlterForm"",""label"":""Referral QR assignment""},{""type"":""AlterForm"",""label"":""Name identifier""},{""type"":""AlterForm"",""label"":""Alter characteristics 1""},{""type"":""AlterForm"",""label"":""Alter met - other""},{""type"":""AlterForm"",""label"":""Alter spend time - other""},{""type"":""CategoricalBin"",""label"":""Alter characteristics - relatives""},{""type"":""AlterForm"",""label"":""Alter characteristics - other relative""},{""type"":""CategoricalBin"",""label"":""Alter characteristics - friend""},{""type"":""AlterForm"",""label"":""Alter characteristics - other""},{""type"":""OrdinalBin"",""label"":""Alter communication""},{""type"":""AlterForm"",""label"":""Alter location - inside PIP""},{""type"":""AlterForm"",""label"":""Alter location - outside PIP""},{""type"":""CategoricalBin"",""label"":""Alter location - provinces""},{""type"":""AlterForm"",""label"":""Alter location - specify""},{""type"":""Information"",""label"":""Alter satisfaction introduction""},{""type"":""OrdinalBin"",""label"":""Relationship satisfaction""},{""type"":""AlterForm"",""label"":""Relationship satisfaction - per alter""},{""type"":""Sociogram"",""label"":""Sociogram""},{""type"":""AlterEdgeForm"",""label"":""Alter alter communication""},{""type"":""Information"",""label"":""Discuss introductions""},{""type"":""CategoricalBin"",""label"":""Sexual discussions""},{""type"":""AlterForm"",""label"":""Alter perceived sexual behaviour""},{""type"":""CategoricalBin"",""label"":""Alter sexual relationship - screener""},{""type"":""AlterForm"",""label"":""Alter sexual relationship - detail""}]","[{""type"":""Information"",""label"":""Protocol Citation Information""},{""type"":""EgoForm"",""label"":""Fieldworker ID""},{""type"":""EgoForm"",""label"":""Study ID""},{""type"":""Information"",""label"":""Intro to SN module""},{""type"":""NameGeneratorQuickAdd"",""label"":""Non-roster name generator""},{""type"":""AlterForm"",""label"":""Referral QR assignment""},{""type"":""CategoricalBin"",""label"":""New alter identifier""},{""type"":""AlterForm"",""label"":""Name identifier""},{""type"":""AlterForm"",""label"":""Alter Characteristics - R2 demographics""},{""type"":""AlterForm"",""label"":""Alter Characteristics - R2 everyone""},{""type"":""AlterForm"",""label"":""Alter location - inside PIP""},{""type"":""AlterForm"",""label"":""Alter characteristics - R2 all new""},{""type"":""AlterForm"",""label"":""Alter met - other""},{""type"":""CategoricalBin"",""label"":""Alter characteristics - relatives""},{""type"":""AlterForm"",""label"":""Alter characteristics - other relative""},{""type"":""AlterForm"",""label"":""Alter charcteristics - R2 boy/girlfriend""},{""type"":""CategoricalBin"",""label"":""Alter characteristics - friend""},{""type"":""AlterForm"",""label"":""Alter characteristics - other relationship""},{""type"":""AlterForm"",""label"":""Alter characteristics - POL relationship""},{""type"":""AlterForm"",""label"":""Alter POL relationship other""},{""type"":""OrdinalBin"",""label"":""Alter communication""},{""type"":""Sociogram"",""label"":""Sociogram""},{""type"":""AlterEdgeForm"",""label"":""Alter alter communication""},{""type"":""Information"",""label"":""Discuss introductions""},{""type"":""CategoricalBin"",""label"":""Sexual discussions""},{""type"":""AlterForm"",""label"":""Sexual discussions - no POL""},{""type"":""CategoricalBin"",""label"":""Alter sexual relationship - screener""},{""type"":""AlterForm"",""label"":""Alter sexual relationship - detail""}]","[{""type"":""Information"",""label"":""Protocol Citation Information""},{""type"":""EgoForm"",""label"":""Fieldworker ID""},{""type"":""EgoForm"",""label"":""Study ID""},{""type"":""Information"",""label"":""Intro to SN module""},{""type"":""NameGeneratorQuickAdd"",""label"":""Non-roster name generator""},{""type"":""AlterForm"",""label"":""Referral QR assignment""},{""type"":""AlterForm"",""label"":""Name identifier""},{""type"":""AlterForm"",""label"":""Alter Characteristics - R3""},{""type"":""CategoricalBin"",""label"":""Alter characteristics - relatives""},{""type"":""AlterForm"",""label"":""Alter characteristics - other relative""},{""type"":""AlterForm"",""label"":""Alter characteristics - R2 boy/girlfriend""},{""type"":""CategoricalBin"",""label"":""Alter characteristics - friend""},{""type"":""AlterForm"",""label"":""Alter characteristics - other relationship""},{""type"":""OrdinalBin"",""label"":""Alter communication""},{""type"":""Sociogram"",""label"":""Sociogram""},{""type"":""AlterEdgeForm"",""label"":""Alter alter communication""},{""type"":""Information"",""label"":""Discuss introductions""},{""type"":""CategoricalBin"",""label"":""Sexual discussions""},{""type"":""CategoricalBin"",""label"":""Alter sexual relationship - screener""},{""type"":""AlterForm"",""label"":""Alter sexual relationship - detail""}]"
"robust","Phillips E, Potter C, Poole J, Lewis A, Nahid M, Christos P, Hootman K, Winston G, de la Haye K","Reducing Obesity Using Social Ties Program (ROBUST)","PI: Erica Phillips","Kayla de la Haye, delahaye@usc.edu","ROBUST_","Phillips, E., Potter, C., Poole, J., Lewis, A., Nahid, M., Christos, P., Hootman, K., Winston, G., & de la Haye, K. (2025). Reducing Obesity Using Social Ties (ROBUST): Protocol for a randomized control trial of a social network lifestyle intervention. PLoS ONE, 20(4), e0318990. https://doi.org/10.1371/journal.pone.0318990","Phillips, E., Potter, C., Poole, J., Lewis, A., Nahid, M., Christos, P., Hootman, K., Winston, G., & de la Haye, K. (2025). Reducing Obesity Using Social Ties (ROBUST): Protocol for a randomized control trial of a social network lifestyle intervention. <em>PLoS ONE</em>, 20(4), e0318990. <a>https://doi.org/10.1371/journal.pone.0318990</a>","https://doi.org/10.1371/journal.pone.0318990","R01DK135949","https://clinicaltrials.gov/study/NCT06335810","Public health, Medicine","Black and Hispanic adults with obesity","sociogram, dyad census","no","This study investigates how positive and negative social network processes influence weight loss among individuals participating in a 24-week, evidence-based lifestyle intervention modeled after the Diabetes Prevention Program. The protocol provides an example of utilizing the narrative interface as a visualization tool for a participant's social network, displaying alter edges, group and individual alter attribute variables, and allowing for dynamic repositioning of nodes to elicit qualitative data about the network.","An example of utilizing the narrative interface as a visualization tool for a participant's social network, displaying alter edges, group and individual alter attribute variables, and allowing for dynamic repositioning of nodes to elicit qualitative data about the network.","ROBUST_10-17-2025","ROBUST Codebook","ROBUST_10-22-2025.netcanvas","ROBUST_10-22-2025 Protocol Summary (Created 10-22-2025 11.37.52 am).pdf","https://fresco-sandbox.networkcanvas.com/onboard/cmltapq0l000009l2n2blzf0u","no","","","","","Oct. 22,2025","","","1","7","","","18","","","Sociogram=1;DyadCensus=1","","","[{""type"":""Information"",""label"":""Protocol Citation Information""},{""type"":""Information"",""label"":""Introduction""},{""type"":""EgoForm"",""label"":""Participant DOB""},{""type"":""Information"",""label"":""Name generator information""},{""type"":""NameGeneratorQuickAdd"",""label"":""Name generator""},{""type"":""AlterForm"",""label"":""Alter demographics""},{""type"":""CategoricalBin"",""label"":""Alter role""},{""type"":""Sociogram"",""label"":""Alter closeness""},{""type"":""OrdinalBin"",""label"":""Alter figure""},{""type"":""Information"",""label"":""Introduction to relationships with alters""},{""type"":""CategoricalBin"",""label"":""Alter relationships""},{""type"":""OrdinalBin"",""label"":""Alter diet and activity""},{""type"":""CategoricalBin"",""label"":""Alter relationships: difficult and weight loss""},{""type"":""DyadCensus"",""label"":""Alter-alter connections""},{""type"":""Information"",""label"":""Introduction to visualization""},{""type"":""Narrative"",""label"":""Visualize network with health supporters""},{""type"":""Narrative"",""label"":""Visualize network with difficult people""},{""type"":""Narrative"",""label"":""Visualize network with people trying to lose weight""}]","",""
"gate","Oser C, Batty E, Booty M, Eddens K, Knudsen H, Perry B, Rockett M, Staton M.","Geographic variation in Opioid Addiction Treatment study: Multi-Level Factors Influencing MAT Use, Other Treatment, & Adverse Outcomes among Re-entering Rural and Urban Prisoners (GATE)","PI: Carrie Oser","Carrie Oser, carrie.oser@uky.edu","GATE_","Oser, C. B., Batty, E., Booty, M., Eddens, K., Knudsen, H. K., Perry, B., Rockett, M., & Staton, M. (2023). Social ecological factors and medication treatment for opioid use disorder among justice-involved rural and urban persons: The Geographic variation in Addiction Treatment Experiences (GATE) longitudinal cohort study protocol. BMJ Open, 13(3), e066068. https://doi.org/10.1136/bmjopen-2022-066068","Oser, C. B., Batty, E., Booty, M., Eddens, K., Knudsen, H. K., Perry, B., Rockett, M., & Staton, M. (2023). Social ecological factors and medication treatment for opioid use disorder among justice-involved rural and urban persons: The Geographic variation in Addiction Treatment Experiences (GATE) longitudinal cohort study protocol. <em>BMJ Open</em>, 13(3), e066068. <a>https://doi.org/10.1136/bmjopen-2022-066068</a>","https://doi.org/10.1136/bmjopen-2022-066068","R01DA048876","n/a","Medicine, Public health","Incarcerated people with opioid use disorder","sociogram, tie-strength dyad census","no","This study examines how social, individual, and structural factors influence justice-involved people with opioid use disorder in starting and maintaining medication treatment during and after incarceration across rural and urban settings. This protocol provides an example of using name generators to elicit alters across multiple relationship domains and categorical and ordinal bins to capture characteristics and interactions between ego–alter pairs to understand how network composition and structure relate to treatment trajectories.","An example of using name generators to elicit alters across multiple relationship domains and categorical and ordinal bins to capture characteristics and interactions between ego–alter pairs to understand how network composition and structure relate to treatment trajectories.","GATE_10-10-2025","GATE Codebook","GATE_10-22-2025.netcanvas","GATE_10-22-2025 Protocol Summary (Created 10-22-2025 11.35.38 am).pdf","https://fresco-sandbox.networkcanvas.com/onboard/cmltapfeo000209jxrbud65pj","no","","","","","Oct. 22,2025","","","1","7","","","42","","","Sociogram=1;DyadCensus=1","","","[{""type"":""Information"",""label"":""Protocol Citation Information""},{""type"":""EgoForm"",""label"":""Linking Dataset Variables""},{""type"":""Information"",""label"":""Name Generator Instructions""},{""type"":""NameGenerator"",""label"":""1. Name Generator - Count on for Support""},{""type"":""NameGenerator"",""label"":""2. Name Generator - Discuss Substance Use""},{""type"":""NameGenerator"",""label"":""3. Name Generator - Recovery Process""},{""type"":""AlterForm"",""label"":""Relation Type - Other""},{""type"":""CategoricalBin"",""label"":""4. Gender""},{""type"":""CategoricalBin"",""label"":""5. Race""},{""type"":""CategoricalBin"",""label"":""6. From same county""},{""type"":""CategoricalBin"",""label"":""7. Incarceration History""},{""type"":""CategoricalBin"",""label"":""8. Sex""},{""type"":""CategoricalBin"",""label"":""Illicit Drug Use Together""},{""type"":""CategoricalBin"",""label"":""Bought Drugs From""},{""type"":""CategoricalBin"",""label"":""9. Naloxone kit""},{""type"":""OrdinalBin"",""label"":""10. Communication Frequency""},{""type"":""OrdinalBin"",""label"":""11. Closeness""},{""type"":""OrdinalBin"",""label"":""12. Trust""},{""type"":""OrdinalBin"",""label"":""13. Increase Desire to Use Drugs""},{""type"":""Information"",""label"":""Types of Support Instructions""},{""type"":""CategoricalBin"",""label"":""14. Listen about personal or private matters""},{""type"":""CategoricalBin"",""label"":""15. Emotional Support""},{""type"":""CategoricalBin"",""label"":""16. Fun and Leisure""},{""type"":""CategoricalBin"",""label"":""17. Suggestions and Advice""},{""type"":""CategoricalBin"",""label"":""18. Task Help""},{""type"":""CategoricalBin"",""label"":""19. Economic Support""},{""type"":""CategoricalBin"",""label"":""20. Listens about substance use concerns""},{""type"":""CategoricalBin"",""label"":""21. Emotional support for recovery""},{""type"":""CategoricalBin"",""label"":""22. Try to help stop using drugs""},{""type"":""Information"",""label"":""Drug Use Instructions""},{""type"":""CategoricalBin"",""label"":""23. Has ever used drugs""},{""type"":""AlterForm"",""label"":""Drug Use Follow-Up""},{""type"":""AlterForm"",""label"":""Drug Use Follow-Up - SSP""},{""type"":""AlterForm"",""label"":""Drug Use Follow-Up - Overdose""},{""type"":""AlterForm"",""label"":""24.-26. Treatment Section""},{""type"":""CategoricalBin"",""label"":""26a. MOUD Follow-Up to Attending Substance Use Treatment Program""},{""type"":""CategoricalBin"",""label"":""26b. MOUD Type Follow-Up""},{""type"":""AlterForm"",""label"":""27.-29. Treatment Attitudes""},{""type"":""OrdinalBin"",""label"":""30. Frequency of communication about SUD""},{""type"":""DyadCensus"",""label"":""31. Nodelink""},{""type"":""Sociogram"",""label"":""Sociogram Display""},{""type"":""AlterForm"",""label"":""Alter ID""}]","",""
"test-to-prep","Bravo A, Butts S, Johnson AL, Rodriguez E, Rabin B, Smith L, Kanamori M, & Doblecki-Lewis S","Test-to-PrEP: A Randomized Hybrid Implementation/Effectiveness Trial of a Social Network Strategy to Increase Equitable Reach of HIV Testing and PrEP Information","PI: Susanne Doblecki-Lewis","Susanne Doblecki-Lewis (sdoblecki@med.miami.edu), Ana Bravo (axb3199@miami.edu)","Test-to-PrEP_","[Forthcoming]

Note: associated publication comes from the feasibility pilot that precedes the current RCT:

Johnson, A. L., Butts, S. A., Rodriguez, E., Craker, L., Kanamori, M., & Doblecki-Lewis, S. (2023). “Test-to-PrEP”: Assessing reach and adoption of a new approach to increase HIV testing and PrEP knowledge using HIV self-test kit distribution through PrEP clients’ social networks. Journal of Acquired Immune Deficiency Syndromes, 94(5), 421-428. https://doi.org/10.1097/QAI.0000000000003294","Johnson, A. L., Butts, S. A., Rodriguez, E., Craker, L., Kanamori, M., & Doblecki-Lewis, S. (2023). “Test-to-PrEP”: Assessing reach and adoption of a new approach to increase HIV testing and PrEP knowledge using HIV self-test kit distribution through PrEP clients’ social networks. <em>Journal of Acquired Immune Deficiency Syndromes</em>, 94(5), 421-428. <a>https://doi.org/10.1097/QAI.0000000000003294</a>","https://doi.org/10.1097/QAI.0000000000003294","R01MH138190","https://clinicaltrials.gov/study/NCT06927856","Medicine, Public health","PrEP clinic visitors","sociogram, dyad census","no","This study evaluates a peer-distribution model where existing PrEP clients disseminate HIV self-test kits containing PrEP education materials within their social networks to increase testing and PrEP awareness. The protocol provides an example of utilizing the dyad census to systematically survey all alter pairs within the network followed by a per alter edge form stage which enables the capture of attribute data on the edges generated.","An example of utilizing the dyad census to systematically survey all alter pairs within the network followed by a per alter edge form stage which enables the capture of attribute data on the edges generated.","Test-to-PrEP_10-10-2025","Test-to-PrEP Codebook","Test-to-PrEP_10-22-2025.netcanvas","Test-to-PrEP_10-22-2025 Protocol Summary (Created 10-22-2025 11.51.58 am).pdf","https://fresco-sandbox.networkcanvas.com/onboard/cmltaqzmr000409l2mril69t4","yes","","","","","Oct. 22,2025","","","1","7","","","24","","","Sociogram=1;DyadCensus=1","","","[{""type"":""Information"",""label"":""Protocol Citation Information""},{""type"":""EgoForm"",""label"":""baseline-intervention-arm""},{""type"":""Information"",""label"":""baseline-study-prompt""},{""type"":""Information"",""label"":""baseline-alter-intro-prompt""},{""type"":""NameGenerator"",""label"":""baseline-initial-alters-form""},{""type"":""AlterForm"",""label"":""baseline-initial-alters-typeof-sex-partner""},{""type"":""CategoricalBin"",""label"":""baseline-distribution-method""},{""type"":""CategoricalBin"",""label"":""baseline-how-long-egos-known-alters""},{""type"":""OrdinalBin"",""label"":""baseline-close-seen-oftencommunicate-with-alter-inthepast30""},{""type"":""CategoricalBin"",""label"":""baseline-where-did-ego-meet-initial-alters""},{""type"":""OrdinalBin"",""label"":""baseline-meet-talk-about-HIVST-and-PrEP-next30-days""},{""type"":""Information"",""label"":""baseline-alters-doxypep-intro""},{""type"":""OrdinalBin"",""label"":""baseline-ego-talk-to-alters-DoxyPEP-next30-days""},{""type"":""CategoricalBin"",""label"":""baseline-ego-ever-discussed-PrEP-w-alters-alters-shared-current-past-prep-use""},{""type"":""CategoricalBin"",""label"":""baseline-ego-percep-alter-take-prep-for-hiv-prevention""},{""type"":""CategoricalBin"",""label"":""baseline-ego-shared-they-were-using-prep-with-alters""},{""type"":""CategoricalBin"",""label"":""baseline-ego-discussed-sti-doxypep-with-alters""},{""type"":""Information"",""label"":""baseline-intro-alters-engaged-chemsex-prompt""},{""type"":""CategoricalBin"",""label"":""baseline-alters-engage-in-chemsex""},{""type"":""CategoricalBin"",""label"":""baseline-alter-inject-drugs""},{""type"":""DyadCensus"",""label"":""baseline-alters-know-eachother""},{""type"":""AlterEdgeForm"",""label"":""baseline-alters-that-know-eachother-relationship-type""},{""type"":""Information"",""label"":""baseline-alters-sociogram-intro-prompt""},{""type"":""Sociogram"",""label"":""baseline-sociogram-alters-that-know-eachother-HIVST-motivation""}]","",""
"snaaps","Mauldin RL, Carter LE","Social Network Assessment for Adult Protective Services (SNAAPS), version 1.0: A Network Canvas Data Collection Instrument","PI: Rebecca L. Mauldin","Rebecca Mauldin, rebecca.mauldin@uta.edu","SNAAPS_v1.0","Mauldin, R. L., & Carter, L. E. (2026). Social Network Assessment for Adult Protective Services (SNAAPS), version 1.0: A Network Canvas data collection instrument. [Network Canvas protocol]. The University of Texas at Arlington. https://doi.org/10.32855/dataset.2026.02.048","Mauldin, R. L., & Carter, L. E. (2026). <em>Social Network Assessment for Adult Protective Services (SNAAPS), version 1.0: A Network Canvas data collection instrument</em>. [Network Canvas protocol]. The University of Texas at Arlington. <a>https://doi.org/10.32855/dataset.2026.02.048</a>","https://doi.org/10.32855/dataset.2026.02.048","1R01AG089193","n/a","Social work, Aging","Older adults involved with Adult Protective Services","sociogram","yes","Developed with Adult Protective Services stakeholders, SNAAPS is an interviewer-administered assessment that maps older adults' personal and service networks to surface support, financial involvement, conflict, contact, formal services, and patterns of network structure. The protocol provides an example of combining a local service-provider roster, successive name generators, ordinal and categorical bins, and sociograms to support assessment, case planning, referrals, and interdisciplinary communication.","An example of combining a local service-provider roster, successive name generators, and sociograms to identify relational risks and protective factors for older adults involved with Adult Protective Services.","SNAAPS_v1.0","SNAAPS_v1.0 Protocol Summary","SNAAPS_v1.0.netcanvas","SNAAPS_v1.0 Protocol Summary.pdf","","no","","","","","Jun. 12,2026","Sample interview screenshots","SNAAPS_v1.0 Sample Interview Screenshots.pdf","1","7","","","17","","","Sociogram=2","","","[{""type"":""Information"",""label"":""README: Information about this protocol template""},{""type"":""Information"",""label"":""Introduction""},{""type"":""NameGeneratorRoster"",""label"":""Service Organizations""},{""type"":""EgoForm"",""label"":""Estimated Network Size""},{""type"":""NameGeneratorQuickAdd"",""label"":""People You Know""},{""type"":""NameGeneratorQuickAdd"",""label"":""People Who Support You""},{""type"":""NameGeneratorQuickAdd"",""label"":""People Involved with Your Financial Affairs""},{""type"":""OrdinalBin"",""label"":""How Often Do You Interact with the People You Know""},{""type"":""CategoricalBin"",""label"":""Type of Family Member""},{""type"":""Sociogram"",""label"":""Who Knows Who""},{""type"":""Sociogram"",""label"":""Conflict in Your Network""},{""type"":""AlterEdgeForm"",""label"":""Nature of Difficulty AMONG Network Members""},{""type"":""AlterForm"",""label"":""Nature of Difficulty WITH Network Member""},{""type"":""CategoricalBin"",""label"":""==FOR OFFICIAL USE. NOT PART OF INTERVIEW== Contact Info to Collect""},{""type"":""AlterForm"",""label"":""Contact Information""},{""type"":""Information"",""label"":""Conclusion""},{""type"":""EgoForm"",""label"":""Interviewer Notes""}]","",""
