id,title_en,title_es,source_en,source_es,authors,href,year
chinese-students-social-networks-second-language-identity,"Understanding Chinese Students' Social Networks and Second Language Identity Construction During Study Abroad in the UK","Understanding Chinese Students' Social Networks and Second Language Identity Construction During Study Abroad in the UK",European Journal of Education,Revista Europea de Educación,"Li C, Wang Q, Zhang C",https://doi.org/10.1111/ejed.70822,2026
you-cant-get-away-from-social,"You “can't get away from the social”: Individual, relational, and contextual influences on mental health and substance use-related help-seeking among people in contact with the criminal justice system","You “can't get away from the social”: Individual, relational, and contextual influences on mental health and substance use-related help-seeking among people in contact with the criminal justice system",PLOS One,PLOS One,"Connell C, Torrance M, Greenhalgh J, Griffiths D",https://doi.org/10.1371/journal.pone.0354996,2026
comparing-name-generator-designs,"Comparing name generator designs in panel personal network data: implications for alter re-elicitation in a rural field setting","Comparing name generator designs in panel personal network data: implications for alter re-elicitation in a rural field setting",Field Methods,Métodos de Campo,"Hâncean MG, Lerner J, McCarty C",https://doi.org/10.1177/1525822X261446429,2026
social-network-analysis-schizophrenia,"Social Network Analysis in Schizophrenia: What it Adds to our Understanding of Social Functioning and Loneliness","Social Network Analysis in Schizophrenia: What it Adds to our Understanding of Social Functioning and Loneliness",Schizophrenia Bulletin Open,Boletín Abierto de Esquizofrenia,"Abplanalp SJ, Green MF, Koziol K, Oiknine F, Catalano LT",https://doi.org/10.1093/schizbullopen/sgag020,2026
hiv-disclosure-prevention-advocacy,"HIV Disclosure and Prevention Advocacy Partially Mediate Advocacy Training Intervention Effect on Reduced Internalized HIV Stigma","HIV Disclosure and Prevention Advocacy Partially Mediate Advocacy Training Intervention Effect on Reduced Internalized HIV Stigma",AIDS and Behavior,SIDA y Comportamiento,"Wagner GJ, Bogart LM, Okoboi S, Gwokyalya V, Green HD, Klein DJ, Ninsiima S, Matovu JKB",https://doi.org/10.1007/s10461-026-05179-2,2026
understanding-substance-use-alaska-native-youth,"Understanding Substance Use in Alaska Native Youth—A Social Network Perspective","Understanding Substance Use in Alaska Native Youth—A Social Network Perspective",BMC Public Health,Salud Pública de BMC,"Mason M, Schultz K, Zhang S, Ivanich JD",https://doi.org/10.1186/s12889-026-27557-0,2026
structural-embeddedness-tourism-social-entrepreneurship,"Structural embeddedness as a moderator of network resource mobilisation in tourism social entrepreneurship","Structural embeddedness as a moderator of network resource mobilisation in tourism social entrepreneurship","Journal of Destination Marketing & Management","Revista de Marketing y Gestión de Destinos","Garzón I, Casanueva C, García-Sánchez MR",https://doi.org/10.1016/j.jdmm.2026.101109,2026
hiv-concealment-victimization-adolescents,"HIV Concealment and Victimization Among Adolescents with HIV (AWH): The Moderating Role of Emotional Social Support","HIV Concealment and Victimization Among Adolescents with HIV (AWH): The Moderating Role of Emotional Social Support",AIDS and Behavior,SIDA y Comportamiento,"Gill A, Bhome A, Seal D, Kissinger P, Borse R, Pardeshi M, Suryavanshi N, Theall KP",https://doi.org/10.1007/s10461-026-05138-x,2026
building-computational-literacy-sociology,"Building Computational Literacy in Undergraduate Sociology Using Software: An Example in Teaching Social Network Analysis","Building Computational Literacy in Undergraduate Sociology Using Software: An Example in Teaching Social Network Analysis",Teaching Sociology,Enseñanza de la Sociología,"Wolff T, Varela G, Eastwood J",https://doi.org/10.1177/0092055X261422479,2026
preparados-model-hiv-prevention,"The PrEParados Model: A Community-Based Approach to Engaging Preexposure Prophylaxis-Eligible Men Into HIV Prevention Programs, South Florida, 2022–2023","The PrEParados Model: A Community-Based Approach to Engaging Preexposure Prophylaxis-Eligible Men Into HIV Prevention Programs, South Florida, 2022–2023",American Journal of Public Health,Revista Estadounidense de Salud Pública,"Rodriguez E, Despres L, Bravo A, Johnson AL, Vilchez L, Skvoretz J, Kanamori M",https://doi.org/10.2105/AJPH.2025.308333,2025
understanding-social-prescribing-disadvantaged-settings,"Understanding social prescribing in socially and economically disadvantaged settings: a mixed-methods study of link worker interactions and networks","Understanding social prescribing in socially and economically disadvantaged settings: a mixed-methods study of link worker interactions and networks",University of Oxford Doctoral Thesis,Tesis doctoral de la Universidad de Oxford,Turk A,https://ora.ox.ac.uk/objects/uuid:cf10c468-78fd-45c0-868e-6440eba9c52d,2025
hybrid-mixed-methods-life-course-transitions,"A hybrid mixed methods design for understanding decision making, social structure, and network dynamics of life course transitions","A hybrid mixed methods design for understanding decision making, social structure, and network dynamics of life course transitions",Social Networks,Redes Sociales,"Kreager DA, Schaefer DR, Brant K, Bardele N, Henry BF",https://doi.org/10.1016/j.socnet.2026.02.005,2026
networks-esol-young-learners,The role of networks in ESOL young learners' education,The role of networks in ESOL young learners' education,Networks and Urban Systems Centre,Centro de Redes y Sistemas Urbanos,"Da Gama F, Bui K, Conaldi G",https://gala.gre.ac.uk/id/eprint/50359/13/50359%20DA%20GAMA_The_Role_Of_Networks_In_ESOL_Young_Learners_Education_%28MONOGRAPH%29_2025.pdf,2025
social-relational-context-mental-health,"How Social-Relational Context Impacts the Mental Health of Adolescent and Young Adults Living with and Without HIV in Mozambique: A Social Network Analysis Study","How Social-Relational Context Impacts the Mental Health of Adolescent and Young Adults Living with and Without HIV in Mozambique: A Social Network Analysis Study",Journal of Epidemiology and Global Health,Revista de Epidemiología y Salud Global,"Benoni R, Sartorello A, Malesani C, Cardoso H, Chaguruca I, Matope MD, Putoto G, Giaquinto C, Gatta M",https://link.springer.com/article/10.1007/s44197-025-00417-7,2025
invisible-illness-and-self,"Invisible Illness and the Self: Exploring the Interplay of Migraine, Social Networks, and Identity","Invisible Illness and the Self: Exploring the Interplay of Migraine, Social Networks, and Identity",ProQuest Dissertation,Tesis doctoral de ProQuest,Brooks CV,https://www.proquest.com/docview/3224178836,2025
birth-household-skin-bacterial-communities,Birth and household exposures are associated with changes to skin bacterial communities during infancy,Birth and household exposures are associated with changes to skin bacterial communities during infancy,"Evolution, Medicine, and Public Health","Evolución, Medicina y Salud Pública","Manus MB, Sardaro MLS, Dada O, Davis M, Romoff MR, Torello SG, Ubadigbo E, Wu RC, Domingeuz-Bello MG, Melby MK, Miller ES, Amato KR",https://doi.org/10.1093/emph/eoae023,2025
bribery-social-norms-healthcare,Addressing Bribery and Associated Social Norms in Healthcare: Results of a Behaviour Change Intervention in Tanzania,Addressing Bribery and Associated Social Norms in Healthcare: Results of a Behaviour Change Intervention in Tanzania,European Journal of Social Psychology,Revista Europea de Psicología Social,"Camargo C, Gadenne V, Mkoji V, Perera D, Persian R, Sambaiga R, Stark T",https://doi.org/10.1002/ejsp.3140,2025
social-network-reductions-schizophrenia,Social network reductions are associated with negative symptoms in schizophrenia,Social network reductions are associated with negative symptoms in schizophrenia,Social Psychiatry and Psychiatric Epidemiology,Psiquiatría Social y Epidemiología Psiquiátrica,"Zhang L, James S, Standridge J, Condray R, Allen D, Strauss G",https://doi.org/10.1007/s00127-024-02804-0,2025
college-student-support-systems,"“There Are Support resources, but They Are Kind of Hidden”: Social Network Analysis of College Students’ Support Systems in Relation to Type 1 Diabetes Management","“There Are Support resources, but They Are Kind of Hidden”: Social Network Analysis of College Students’ Support Systems in Relation to Type 1 Diabetes Management",Frontiers in Human Dynamics,Fronteras en la Dinámica Humana,Malova E,https://doi.org/10.3389/fhumd.2024.1370106,2024
institutional-support-networks-peru,Las marcas de lo institucional en el funcionamiento de las redes de apoyo: el caso de docentes peruanos en tiempos de pandemia,Las marcas de lo institucional en el funcionamiento de las redes de apoyo: el caso de docentes peruanos en tiempos de pandemia,revista hispana para el análisis de redes sociales,revista hispana para el análisis de redes sociales,"Anaya M, Duffo N",https://doi.org/10.5565/rev/redes.1028,2024
