id,date,apps,title,summary,details,link
language-localization,2026-09-23,architect|interviewer|fresco,Language localization in Network Canvas,"Architect, Interviewer, and Fresco now speak more than one language! Language support has been one of our most requested features, and you can now use the apps in English, British English, or Spanish, including the interview your participants see. Just pick your language from the globe icon in each app, or from the settings menu during an interview. More languages are coming soon.","### What's translated?

Everything in the app interfaces: buttons, guidance, dialogs, and messages, including what a participant sees during an interview. Your protocol content (questions, prompts, labels, and response options) appears exactly as you wrote it, and your collected data isn't affected. Translating protocol content is coming in a future release.

By default, each app follows your browser's language. Architect and Interviewer remember your choice on each device, and Fresco saves it to your account.

### More languages coming soon

We're working on adding more languages. These first translations are machine-led, so some phrasing may read awkwardly. If you spot something, or would like to help bring a new language to Network Canvas, we'd love to hear from you. Email us at [info@networkcanvas.com](mailto:info@networkcanvas.com) or post on the [user community](https://community.networkcanvas.com/). We may be able to offer limited compensation for help with a new language.

Thank you for all your feedback. It helps shape what we build next!",
summer-2026,2026-07-23,architect|interviewer|fresco,The next generation of Network Canvas apps,"Architect and Interviewer have been rebuilt as websites you can open on any device, or install as apps, and Interviewer runs on iPads and Android tablets again. Together with Fresco 4.0.0, they share one foundation and a new protocol format, Schema 8, which brings a range of new features:

- **Six new interview interfaces**, including geospatial maps, family pedigrees, and a free-form network composer.
- **Protocol improvements**, including richer validation, enhanced skip logic, and configurable node shapes.
- **Fresco 4.0.0**, with team accounts, a secure data API, and full self-hosting.
- **Automatic updates and improved security**, including encrypted data storage in Interviewer.",,/summer-2026-update
